#CODE;ENGLISH;FRENCH;GERMAN;;SPANISH;;;;;;;;;x
nick_the_falconknight;the Falconknight;;;;;;;;;;;;;x
nick_the_bronze_king;the Shield of The Vale;;;;;;;;;;;;;x
nick_the_mountain;the Mountain;;;;;;;;;;;;;x
nick_greatlion;Greatlion;;;;;;;;;;;;;x
nick_the_golden;the Golden;;;;;;;;;;;;;x
nick_the_red_lion;the Red Lion;;;;;;;;;;;;;x
nick_the_red;the Red;;;;;;;;;;;;;x
nick_the_black;the Black;;;;;;;;;;;;;x
nick_the_green;the Green;;;;;;;;;;;;;x
nick_the_knight_of_flowers;the Knight of Flowers;;;;;;;;;;;;;x
nick_bittersteel;Bittersteel;;;;;;;;;;;;;x
nick_the_sword_of_oldtown;the Sword of Oldtown;;;;;;;;;;;;;x
nick_the_vine;The Vine ;;;;;;;;;;;;;x
nick_the_bright_lord;the Bright Lord;;;;;;;;;;;;;x
nick_the_gallant;the Gallant;;;;;;;;;;;;;x
nick_the_fearless_light;the Fearless Light;;;;;;;;;;;;;x
nick_the_endless_tide;the Endless Tide;;;;;;;;;;;;;x
nick_the_iron_storm;the Iron Storm;;;;;;;;;;;;;x
nick_ironbeard;Ironbeard;;;;;;;;;;;;;x
nick_the_faithful_fish;the Faithful Fish;;;;;;;;;;;;;x
nick_the_brave_son;the Brave Son;;;;;;;;;;;;;x
nick_the_restorer;the Restorer;;;;;;;;;;;;;x
nick_gravesister;Gravesister;;;;;;;;;;;;;x
nick_the_just_lord;the Just Lord;;;;;;;;;;;;;x
nick_darkrobin;Darkrobin;;;;;;;;;;;;;x
nick_the_purple;the Purple;;;;;;;;;;;;;x
nick_the_emerald;the Emerald;;;;;;;;;;;;;x
nick_evenstar;Evenstar;;;;;;;;;;;;;x
nick_the_unforgiving;the Unforgiving;;;;;;;;;;;;;x
nick_the_white_wolf;the White Wolf;;;;;;;;;;;;;x
nick_the_black_wolf;the Black Wolf;;;;;;;;;;;;;x
nick_the_foaming_bear;the Foaming Bear;;;;;;;;;;;;;x
nick_the_arrogant;the Arrogant;;;;;;;;;;;;;x
nick_the_storm;the Storm;;;;;;;;;;;;;x
nick_greatstag;Greatstag;;;;;;;;;;;;;x
nick_the_stag_knight;the Stag Knight;;;;;;;;;;;;;x
nick_the_laughing_storm;the Laughing Storm;;;;;;;;;;;;;x
nick_the_lion_knight;the Lion Knight;;;;;;;;;;;;;x
nick_the_legendary;the Legendary;;;;;;;;;;;;;x
nick_the_bronze;the Bronze;;;;;;;;;;;;;x
nick_the_eagleknight;the Eagleknight;;;;;;;;;;;;;x
nick_the_hammer_of_hammerhorn;the Hammer of Hammerhorn;;;;;;;;;;;;;x
nick_the_hammer_of_oldstones;the Hammer of Oldstones;;;;;;;;;;;;;x
nick_graveman;Graveman;;;;;;;;;;;;;x
nick_the_hammer_of_justice;the Hammer of Justice;;;;;;;;;;;;;x
nick_the_lunk;the Lunk;;;;;;;;;;;;;x
nick_the_comatose_king;the Comatose King;;;;;;;;;;;;;x
nick_the_laughing_knight;the Laughing Knight;;;;;;;;;;;;;x
nick_the_vegetable;the Vegetable;;;;;;;;;;;;;x
nick_the_mountaineer;the Mountaineer;;;;;;;;;;;;;x
nick_the_patient;the Patient;;;;;;;;;;;;;x
nick_the_lord_of_mud;the Lord of Mud;;;;;;;;;;;;;x
nick_the_slow;the Slow;;;;;;;;;;;;;x
nick_the_true_king;the True King;;;;;;;;;;;;;x
nick_child_king;the Child King;;;;;;;;;;;;;x
nick_the_crow;the Crow;;;;;;;;;;;;;x
nick_keen_eye;Keen Eye;;;;;;;;;;;;;x
nick_the_traitor;the Traitor;;;;;;;;;;;;;x
nick_the_ironfist;the Ironfist;;;;;;;;;;;;;x
nick_the_haunt;the Haunt;;;;;;;;;;;;;x
nick_oathkeeper;Oathkeeper;;;;;;;;;;;;;x
nick_the_lionslayer;the Lionslayer;;;;;;;;;;;;;x
nick_the_aurochs;the Aurochs;;;;;;;;;;;;;x
nick_the_false;the False;;;;;;;;;;;;;x
nick_the_stranger;the Stranger;;;;;;;;;;;;;x
nick_corpse_maker;Corpse maker;;;;;;;;;;;;;x
nick_the_mighty;the Mighty;;;;;;;;;;;;;x
nick_the_disappointing;the Disappointing;;;;;;;;;;;;;x
nick_corpse_face;Corpse face;;;;;;;;;;;;;x
nick_the_winter_warrior;the Winter Warrior;;;;;;;;;;;;;x
nick_the_black_knight;the Black Knight;;;;;;;;;;;;;x
nick_the_gravedigger;the Gravedigger;;;;;;;;;;;;;x
nick_the_hammer;the Hammer;;;;;;;;;;;;;x
nick_wolfblood;Wolfblood;;;;;;;;;;;;;x
nick_the_wilted_rose;the Wilted Rose;;;;;;;;;;;;;x
nick_lion_of_the_west;Lion of the West;;;;;;;;;;;;;x
nick_old_reliable;Old Reliable;;;;;;;;;;;;;x
nick_the_desert_fox;the Desert Fox;;;;;;;;;;;;;x
nick_the_iron_lady;the Iron Lady;;;;;;;;;;;;;x
nick_the_wizard;the Wizard;;;;;;;;;;;;;x
nick_barbarossa;Barbarossa;;;;;;;;;;;;;x
nick_bloodaxe;Bloodaxe;;;;;;;;;;;;;x
nick_the_cabbage;the Cabbage;;;;;;;;;;;;;x
nick_dracul;Dracul;;;;;;;;;;;;;x
nick_the_she_wolf;the She Wolf;;;;;;;;;;;;;x
nick_the_sun_king;the Sun King;;;;;;;;;;;;;x
nick_the_soldier;the Soldier;;;;;;;;;;;;;x
nick_hammerhand;Hammerhand;;;;;;;;;;;;;x
nick_the_stuttering_sword;the Stuttering Sword;;;;;;;;;;;;;x
nick_barefoot;Barefoot;;;;;;;;;;;;;x
nick_the_big_nest;the Fruitful;;;;;;;;;;;;;x
nick_the_bookish;the Bookish;;;;;;;;;;;;;x
nick_the_chef;the Chef;;;;;;;;;;;;;x
nick_the_rat_cook;the Rat Cook;;;;;;;;;;;;;x
nick_the_beacon;the Beacon;;;;;;;;;;;;;x
nick_the_elder;the Elder;;;;;;;;;;;;;x
nick_the_younger;the Younger;;;;;;;;;;;;;x
nick_the_red_dawn;the Red Dawn;;;;;;;;;;;;;x
nick_flatnose;Flatnose;;;;;;;;;;;;;x
nick_the_outlaw;the Outlaw;;;;;;;;;;;;;x
nick_the_sellsword_king;the Sellsword King;;;;;;;;;;;;;x
nick_the_merchant_king;the Merchant King;;;;;;;;;;;;;x
nick_the_kinslayer_king;the Kinslayer King;;;;;;;;;;;;;x
nick_the_kinslayer;the Kinslayer;;;;;;;;;;;;;x
nick_the_sourfish;the Sourfish;;;;;;;;;;;;;x
nick_the_cynical;the Cynical;;;;;;;;;;;;;x
nick_the_quick;the Quick;;;;;;;;;;;;;x
nick_the_lost_wolf;the Lost Wolf;;;;;;;;;;;;;x
nick_the_old_wolf;the Old Wolf;;;;;;;;;;;;;x
nick_giants_fist;Giant's Fist;;;;;;;;;;;;;x
nick_ironfish;Ironfish;;;;;;;;;;;;;x
nick_the_amazing;the Amazing;;;;;;;;;;;;;x
nick_the_knight_of_kisses;the Knight of Kisses;;;;;;;;;;;;;x
nick_the_true;the True;;;;;;;;;;;;;x
nick_the_hungry_wolf;the Hungry Wolf;;;;;;;;;;;;;x
nick_the_ironside;Ironside;Côte-de-Fer;Eisenseite;;Brazo de Hierro;;;;;;;;;x
nick_the_poet;the Poet;le Poète;der Dichter;;El Poeta;;;;;;;;;x
nick_the_cunning;the Cunning;le Sagace;der Listige;;El Astuto;;;;;;;;;x
nick_the_meek;the Meek;le Doux;der Sanftmütige;;El Manso;;;;;;;;;x
nick_the_impaler;the Tickler;l'Empaleur;der Kitzler;;El Empalador;;;;;;;;;x
nick_the_spider;the Spider;l'Araignée;die Spinne;;La Araña;;;;;;;;;x
nick_the_learned;the Learned;le Savant;der Gelehrte;;El Aprendido;;;;;;;;;x
nick_the_eloquent;the Eloquent;l'Éloquent;der Wortgewandte;;El Elocuente;;;;;;;;;x
nick_the_indolent;the Indolent;l'Indolent;der Träge;;El Indolente;;;;;;;;;x
nick_the_hunchback;the Hunchback;le Bossu;der Bucklige;;El Jorobado;;;;;;;;;x
nick_the_benign;the Benign;le Bienveillant;der Gutartige;;El Benigno;;;;;;;;;x
nick_the_leper;the Leper;le Lépreux;der Aussätzige;;El Leproso;;;;;;;;;x
nick_the_prudent;the Prudent;le Prudent;der Umsichtige;;El Prudente;;;;;;;;;x
nick_the_wolf;the Wolf;le Loup;der Wolf;;El Lobo;;;;;;;;;x
nick_the_downcast;the Downcast;l'Abattu;der Niedergeschlagene;;El Alicaído;;;;;;;;;x
nick_the_mild;the Mild;le Léger;der Milde;;El Leve;;;;;;;;;x
nick_the_scholar;the Scholar;l'Érudit;der Schüler;;El Erudito;;;;;;;;;x
nick_the_theologian;the Theologian;le Théologien;der Theologe;;El Teólogo;;;;;;;;;x
nick_the_decadent;the Decadent;le Décadent;der Dekadente;;El Decadente;;;;;;;;;x
nick_the_vain;the Vain;le Vaniteux;der Eitle;;El Vano;;;;;;;;;x
nick_the_stout;the Stout;le Robuste;der Stämmige;;El Corpulento;;;;;;;;;x
nick_the_ugly;the Ugly;le Laid;der Hässliche;;El Feo;;;;;;;;;x
nick_the_short;the Short;le Bref;der Kleingewachsene;;El Corto;;;;;;;;;x
nick_the_planter;the Planter;le Planteur;der Pflanzer;;El Plantador;;;;;;;;;x
nick_the_rash;the Rash;l'Imprudent;der Unbesonnene;;El Adjetivo;;;;;;;;;x
nick_the_parricide;the Parricide;le Parricide;der Vatermörder;;El Parricida;;;;;;;;;x
nick_the_illustrious;the Illustrious;l'Illustre;der Berühmte;;El Ilustre;;;;;;;;;x
nick_the_warrior;the Warrior;le Guerrier;der Krieger;;El Guerrero;;;;;;;;;x
nick_the_mystic;the Mystic;le Mystique;der Mystiker;;El Místico;;;;;;;;;x
nick_the_bad;the Bad;le Mauvais;der Miese;;El Malo;;;;;;;;;x
nick_the_generous;the Generous;le Généreux;der Großzügige;;El Generoso;;;;;;;;;x
nick_the_honorable;the Honorable;l'Honorable;der Ehrenhafte;;El Honorable;;;;;;;;;x
nick_the_treacherous;the Treacherous;le Perfide;der Verräterische;;El Traicionero;;;;;;;;;x
nick_the_weak;the Weak;le Faible;der Schwache;;El Débil;;;;;;;;;x
nick_the_scarred;the Scarred;le Balafré;der Narbige;;El Cicatrizado;;;;;;;;;x
nick_the_quiet;the Quiet;le Tranquille;der Ruhige;;El Tranquilo;;;;;;;;;x
nick_the_shrewd;the Shrewd;l'Astucieux;der Schlaue;;El Hábil;;;;;;;;;x
nick_the_peaceful;the Peaceful;le Pacifique;der Friedliche;;El Pacífico;;;;;;;;;x
nick_the_ambitious;the Ambitious;l'Ambitieux;der Ehrgeizige;;El Ambicioso;;;;;;;;;x
nick_the_truthful;the Truthful;le Véridique;der Wahrheitsgemäße;;El Veraz;;;;;;;;;x
nick_the_distrustful;the Distrustful;le Méfiant;der Misstrauische;;El Desconfiado;;;;;;;;;x
nick_the_righteous;the Righteous;le Vertueux;der Rechtschaffene;;El Virtuoso;;;;;;;;;x
nick_the_hotspur;Hotspur;Tête-chaude;Heißsporn;;El Veloz;;;;;;;;;x
nick_the_boar;the Boar;le Verrat;Wildschwein;;El Verraco;;;;;;;;;x
nick_the_pompous;the Pompous;le Pompeux;der Pompöse;;El Pomposo;;;;;;;;;x
nick_the_exile;the Exile;l'Exilé;der Exilierte;;El Exiliado;;;;;;;;;x
nick_the_infirm;the Infirm;l'Infirme;der Gebrechliche;;El Enfermizo;;;;;;;;;x
nick_the_reluctant;the Reluctant;le Réticent;der Widerstrebende;;El Renuente;;;;;;;;;x
nick_the_peculiar;the Peculiar;le Particulier;der Eigenartige;;El Peculiar;;;;;;;;;x
nick_the_dane;the Dane;le Danois;der Däne;;El Danés;;;;;;;;;x
nick_the_saxon;the Saxon;le Saxon;der Sachse;;El Sajón;;;;;;;;;x
nick_the_scot;the Scot;le Écossais;der Schotte;;El Escocés;;;;;;;;;x
nick_the_german;the German;l'Allemand;der Deutsche;;El Alemán;;;;;;;;;x
nick_the_rich;the Rich;le Riche;der Reiche;;El Rico;;;;;;;;;x
nick_the_stammerer;the Stammerer;le Bègue;der Stotterer;;El Tartamudo;;;;;;;;;x
nick_the_brilliant;the Brilliant;le Brillant;der Brillante;;El Brillante;;;;;;;;;x
nick_the_norman;the Norman;le Normand;der Normanne;;El Normando;;;;;;;;;x
nick_the_moor;the Moor;le Maure;der Mohr;;El Moro;;;;;;;;;x
nick_the_apathetic;the Apathetic;l'Apathique;der Apathische;;El Apático;;;;;;;;;x
nick_the_upright;the Upright;l'Honnête;der Aufrechte;;El Recto;;;;;;;;;x
nick_the_skald;the Skald;le Skald;der Skalde;;El Skald;;;;;;;;;x
nick_the_bard;the Bard;le Barde;der Barde;;El Bardo;;;;;;;;;x
nick_the_scop;the Scop;le Scope;der Scope;;El Trovador;;;;;;;;;x
nick_the_recluse;the Recluse;le Reclus;der Einsiedler;;El Recluso;;;;;;;;;x
nick_the_tyrant;the Tyrant;le Tyran;der Tyrann;;El Tirano;;;;;;;;;x
nick_the_nord;the Nord;le Nordique;der Nordische;;El Norteño;;;;;;;;;x
nick_the_breton;the Breton;le Breton;der Bretone;;El Bretón;;;;;;;;;x
nick_the_finn;the Finn;le Finlandais;der Finne;;El Finés;;;;;;;;;x
nick_the_candid;the Candid;le Candide;der Offene;;El Franco;;;;;;;;;x
nick_the_clubfoot;the Clubfoot;le Pied Bot;der Klumpfuß;;El Zambo;;;;;;;;;x
nick_the_suspicious;the Suspicious;le Méfiant;der Argwöhnische;;El Desconfiado;;;;;;;;;x
nick_the_eagle;the Eagle;l'Aigle;der Adler;;El Águila;;;;;;;;;x
nick_the_seemly;the Seemly;le Convenable;der Schickliche;;El Decoroso;;;;;;;;;x
nick_the_ashik;the Ashik;l'Ashik;der Ashik;;El Ashik;;;;;;;;;x
nick_the_minnesinger;the Minnesinger;le Minnesinger;der Minnesänger;;El Minnesänger;;;;;;;;;x
nick_the_wanton;the Wanton;le Dévergondé;der Mutwillige;;El Sin Sentido;;;;;;;;;x
nick_the_glorious;the Glorious;le Glorieux;der Glorreiche;;El Glorioso;;;;;;;;;x
nick_godsgrief;Godsgrief;;;;;;;;;;;;;x
nick_durran;Durran Durran Durran Durran Durran Durran;;;;;;;;;;;;;x
nick_god_sea;The God of The Sea;;;;;;;;;;;;;x
nick_god_wind;The Goddess of The Wind;;;;;;;;;;;;;x
nick_the_venturer;the Venturing Seasnake;;;;;;;;;;;;;x
nick_the_rising_sun;the Rising Sun;;;;;;;;;;;;;x
nick_the_setting_sun;the Setting Sun;;;;;;;;;;;;;x
nick_brightsun;Brightsun;;;;;;;;;;;;;x
nick_the_eager_dawn;the Eager Dawn;;;;;;;;;;;;;x
nick_the_quiet_wolf;the Quiet Wolf;;;;;;;;;;;;;x
nick_the_wild_wolf;the Wild Wolf;;;;;;;;;;;;;x
nick_the_wolf_maid;the Wolf Maid;;;;;;;;;;;;;x
nick_the_old_falcon;the Old Falcon;;;;;;;;;;;;;x
nick_the_great_falcon;the Great Falcon;;;;;;;;;;;;;x
nick_the_golden_lion;the Golden Lion;;;;;;;;;;;;;x
nick_the_little_lion;the Little Lion;;;;;;;;;;;;;x
nick_the_lobster;the Lobster Merchant;;;;;;;;;;;;;x
nick_the_dreaded;the Dreaded;;;;;;;;;;;;;x
nick_the_flayer;the Flayer;;;;;;;;;;;;;x
nick_the_deceiver;the Deceiver;;;;;;;;;;;;;x
nick_the_bane_of_winterfell;the Bane of Winterfell;;;;;;;;;;;;;x
nick_wolfkiller;Wolfkiller;;;;;;;;;;;;;x
nick_the_flayed_man;the Flayed Man;;;;;;;;;;;;;x
nick_the_red_king;the Dread King;;;;;;;;;;;;;x
nick_stump_hand;Stump-hand;;;;;;;;;;;;;x
nick_the_sage;the Sage;;;;;;;;;;;;;x
nick_the_green_knight;the Green Knight;;;;;;;;;;;;;x
nick_brightstaff;Brightstaff;;;;;;;;;;;;;x
nick_the_equestrian;the Equestrian;;;;;;;;;;;;;x
nick_the_horseman;the Horseman;;;;;;;;;;;;;x
nick_the_rider;the Rider;;;;;;;;;;;;;x
nick_the_grey_wolf;the Grey Wolf;;;;;;;;;;;;;x
nick_the_bloody_king;the Bloody King;;;;;;;;;;;;;x
nick_the_red_champion;the Red Champion;;;;;;;;;;;;;x
nick_the_red_ruler;the Red King;;;;;;;;;;;;;x
nick_the_red_bane;the Red Bane;;;;;;;;;;;;;x
nick_the_lion_tamer;the Lion Tamer;;;;;;;;;;;;;x
nick_the_sword_of_the_morning;the Sword of the Morning;;;;;;;;;;;;;x
nick_starsmith;Starsmith;;;;;;;;;;;;;x
nick_the_sword_dawn;the Sword of the Everlasting Dawn;;;;;;;;;;;;;x
nick_the_deadly;the Deadly;;;;;;;;;;;;;x
nick_the_defiant;the Defiant;;;;;;;;;;;;;x
nick_the_daring;the Daring;;;;;;;;;;;;;x
nick_the_fallen_star;the Fallen Star;;;;;;;;;;;;;x
nick_the_risen_star;the Risen Star;;;;;;;;;;;;;x
nick_the_sword_of_the_evening;the Sword of the Evening;;;;;;;;;;;;;x
nick_the_sword_of_palestone;the Sword of Palestone;;;;;;;;;;;;;x
nick_the_paleman;the Paleman;;;;;;;;;;;;;x
nick_the_wielder_of_dawn;the Wielder of Dawn;;;;;;;;;;;;;x
nick_the_meteor;the Meteor;;;;;;;;;;;;;x
nick_the_sword_of_the_night;First Sword of the Torrentine;;;;;;;;;;;;;x
nick_the_sword_of_the_hour;the Sword of the Hour;;;;;;;;;;;;;x
nick_starfire;Starfire;;;;;;;;;;;;;x
nick_shadowborne;Shadowborne;;;;;;;;;;;;;x
nick_the_dim;the Dim;;;;;;;;;;;;;x
nick_blackseed;Blackseed;;;;;;;;;;;;;x
nick_shadowbitch;Shadowbitch;;;;;;;;;;;;;x
nick_the_dusk_bringer;Dusk Bringer;;;;;;;;;;;;;x
nick_blacksword;Blacksword;;;;;;;;;;;;;x
nick_stagsbane;Stagsbane;;;;;;;;;;;;;x
nick_the_unfortunate;the Unfortunate;;;;;;;;;;;;;x
nick_the_heathen;the Heathen;;;;;;;;;;;;;x
nick_the_shadow;The Shadow;;;;;;;;;;;;;x
nick_fair_maid;The Fair Maid;;;;;;;;;;;;;x
nick_ravensword;Ravensword;;;;;;;;;;;;;x
nick_the_raven;the Raven;;;;;;;;;;;;;x
nick_lord_five_fingers; Lord of the Five Fingers;;;;;;;;;;;;;x
nick_the_merman;The Merman;;;;;;;;;;;;;x
nick_the_mermaid;The Mermaid;;;;;;;;;;;;;x
nick_chequy_lion;the Chequy Lion;;;;;;;;;;;;;x
nick_the_cudgel;the Cudgel of Justice;;;;;;;;;;;;;x
nick_the_9939th;the 9939th;;;;;;;;;;;;;x
nick_the_raper;the Raper;;;;;;;;;;;;;x
nick_the_giant_slayer;the Giant Slayer;;;;;;;;;;;;;x
nick_the_madling;the Madling;;;;;;;;;;;;;x
nick_half_blood;Half-Blood;;;;;;;;;;;;;x
nick_the_first_man;The First Man;;;;;;;;;;;;;x
nick_the_hooded_man;The Hooded Man;;;;;;;;;;;;;x
nick_the_clever;the Clever;;;;;;;;;;;;;x
nick_the_golden_knight;the Golden Hand;;;;;;;;;;;;;x
nick_goldhand;Goldhand;;;;;;;;;;;;;x
nick_the_devout;the Devout;;;;;;;;;;;;;x
nick_smalltower;Smalltower;;;;;;;;;;;;;x
nick_greystone;Greystone;;;;;;;;;;;;;x
nick_godsbane;Godsbane;;;;;;;;;;;;;x
nick_the_thrice_blessed;the Thrice Blessed;;;;;;;;;;;;;x
nick_the_bloody_paw;the Bloody Paw;;;;;;;;;;;;;x
nick_the_last;the Last;;;;;;;;;;;;;x
nick_the_wanderer;the Wanderer;;;;;;;;;;;;;x
nick_the_sea_lion;the Sea Lion;;;;;;;;;;;;;x
nick_the_twisted;The Twisted;;;;;;;;;;;;;x
nick_knightsbane;Knightsbane;;;;;;;;;;;;;x
nick_sweetrobin;Sweetrobin;;;;;;;;;;;;;x
nick_redhand;Redhand;;;;;;;;;;;;;x
nick_the_latecomer;the Latecomer;;;;;;;;;;;;;x
nick_badbrother;Badbrother;;;;;;;;;;;;;x
nick_maidensbane;Maidensbane;;;;;;;;;;;;;x
nick_the_old_kraken;the Old Kraken;;;;;;;;;;;;;x
nick_raven_feeder;Raven-feeder;;;;;;;;;;;;;x
nick_ironfoot;Ironfoot;;;;;;;;;;;;;x
nick_the_young_ser;the Young Ser;;;;;;;;;;;;;x
nick_silvertounge;Silvertounge;;;;;;;;;;;;;x
nick_the_dragon_knight;the Dragon Knight;;;;;;;;;;;;;x
nick_the_red_knight;The Red Knight;;;;;;;;;;;;;x
nick_the_knight;the Knight;;;;;;;;;;;;;x
nick_the_thunderbolt;the Thunderbolt;;;;;;;;;;;;;x
nick_the_lion;the Lion;;;;;;;;;;;;;x
nick_the_mason;the Mason;;;;;;;;;;;;;x
nick_gods_fearing;the Gods-fearing;;;;;;;;;;;;;x
nick_goldenhand;Goldenhand;;;;;;;;;;;;;x
nick_grey_eyes;Grey-Eyes;;;;;;;;;;;;;x
nick_the_morningstar;the Morningstar;;;;;;;;;;;;;x
nick_the_grim;the Grim;;;;;;;;;;;;;x
nick_the_bridegroom;the Bridegroom;;;;;;;;;;;;;x
nick_the_woe;the Woe;;;;;;;;;;;;;x
nick_hammer_of_the_dornish;Hammer of the Dornish;;;;;;;;;;;;;x
nick_the_gardener;the Gardener;;;;;;;;;;;;;x
nick_the_tall;the Tall;;;;;;;;;;;;;x
nick_darkaxe;Darkaxe;;;;;;;;;;;;;x
nick_darkstaff;Darkstaff;;;;;;;;;;;;;x
nick_the_pale_prince;the Everlasting;;;;;;;;;;;;;x
nick_the_everlasting_champion;the Eternal Champion;;;;;;;;;;;;;x
nick_of_the_hill;of the Hill;;;;;;;;;;;;;x
nick_the_shepherd;the Shepherd;;;;;;;;;;;;;x
nick_the_benevolent;the Benevolent;;;;;;;;;;;;;x
nick_the_dreaded_dragon;the Dreaded Dragon;;;;;;;;;;;;;x
nick_thrice_angered;Thrice-Angered;;;;;;;;;;;;;x
nick_greenhand;Greenhand;;;;;;;;;;;;;x
nick_the_septon;the Septon;;;;;;;;;;;;;x
nick_the_young_vine;the Young Vine;;;;;;;;;;;;;x
nick_the_cleric;the Cleric;;;;;;;;;;;;;x
nick_the_titan;the Titan;;;;;;;;;;;;;x
nick_the_great;the Great;;;;;;;;;;;;;x
nick_the_sweet;the Sweet;;;;;;;;;;;;;x
nick_the_bitter;the Bitter;;;;;;;;;;;;;x
nick_the_timely;the Timely;;;;;;;;;;;;;x
nick_the_purple_knight;the Lightning Knight;;;;;;;;;;;;;x
nick_the_red_eagle;the Red Eagle;;;;;;;;;;;;;x
nick_the_bloody;the Bloody;;;;;;;;;;;;;x
nick_light_bringer;Light-Bringer;;;;;;;;;;;;;x
nick_the_judge;the Judge;;;;;;;;;;;;;x
nick_the_builder;the Builder;;;;;;;;;;;;;x
nick_hellball;Hellball;;;;;;;;;;;;;x
nick_the_huntsman;the Huntsman;;;;;;;;;;;;;x
;;;;;;;;;;;;;;x
#### BASTARDS ####;;;;;;;;;;;;;;x
nick_waters;Waters;;;;;;;;;;;;;x
nick_snow;Snow;;;;;;;;;;;;;x
nick_rivers;Rivers;;;;;;;;;;;;;x
nick_stone;Stone;;;;;;;;;;;;;x
nick_hill;Hill;;;;;;;;;;;;;x
nick_flowers;Flowers;;;;;;;;;;;;;x
nick_storm;Storm;;;;;;;;;;;;;x
nick_sand;Sand;;;;;;;;;;;;;x
nick_pyke;Pyke;;;;;;;;;;;;;x
;;;;;;;;;;;;;;x
################# NICKNAME ++ ######################;;;;;;;;;;;;;;x
nick_the_potbelly;the Potbelly; ; ;; ;;;;;;;;;x
nick_the_one_eyed;the One-Eyed; ; ;; ;;;;;;;;;x
nick_the_strict;the Strict;;;;;;;;;;;;;x
nick_the_fanged;the Fanged;;;;;;;;;;;;;x
nick_the_battle_decliner;the Craven;;;;;;;;;;;;;x
nick_the_idiot;the Idiot;;;;;;;;;;;;;x
nick_the_book_lover;Booklover;;;;;;;;;;;;;x
nick_the_short_changer;the Short Changer;;;;;;;;;;;;;x
nick_the_fart;the Fart;;;;;;;;;;;;;x
nick_the_bellringer;the Bellringer;;;;;;;;;;;;;x
nick_the_bitten;the Bitten;;;;;;;;;;;;;x
nick_the_leprous;the Leprous;;;;;;;;;;;;;x
nick_the_trembler;the Trembler;;;;;;;;;;;;;x
nick_the_crazy;the Lunatic;;;;;;;;;;;;;x
nick_the_bad_entertainer;the Bad Entertainer;;;;;;;;;;;;;x
nick_the_lousy;the Lousy;;;;;;;;;;;;;x
nick_the_impotent;the Impotent;;;;;;;;;;;;;x
nick_the_luxurious;the Luxurious;;;;;;;;;;;;;x
nick_the_debonaire;the Gracious;;;;;;;;;;;;;x
nick_the_good_for_nothing;the Useless;;;;;;;;;;;;;x
nick_the_titbit;the Imp;;;;;;;;;;;;;x
nick_the_caped;the Spider;;;;;;;;;;;;;x
nick_the_hairy;the Hairy;;;;;;;;;;;;;x
nick_the_elbow_high;the Imp;;;;;;;;;;;;;x
nick_the_ancient;the Ancient;;;;;;;;;;;;;x
nick_the_stark;the Stark;;;;;;;;;;;;;x
nick_the_lawful;the Lawful;;;;;;;;;;;;;x
nick_the_innocent;the Innocent;;;;;;;;;;;;;x
nick_the_mouse;the Timid;;;;;;;;;;;;;x
nick_the_keen;the Keen;;;;;;;;;;;;;x
nick_the_competent;the Capable;;;;;;;;;;;;;x
nick_the_dapper;the Dashing;;;;;;;;;;;;;x
nick_the_commoner;the Commoner;;;;;;;;;;;;;x
nick_the_soothsayer;Soothsayer;;;;;;;;;;;;;x
nick_the_hospitable;the Friendly;;;;;;;;;;;;;x
nick_the_executioner;the Headsman;;;;;;;;;;;;;x
nick_the_plain;the Plain;;;;;;;;;;;;;x
nick_the_soulsaver;Soulsaver;;;;;;;;;;;;;x
nick_the_sickly;the Sickly;;;;;;;;;;;;;x
nick_the_wine_barrel;Wine Barrel;;;;;;;;;;;;;x
nick_the_aggressor;the Wrathful;;;;;;;;;;;;;x
nick_the_breaker_of_chains;the Breaker of Chains;;;;;;;;;;;;;x
nick_the_lusty_leper;the Lusty Leper;;;;;;;;;;;;;x
nick_the_demented;the Demented;;;;;;;;;;;;;x
nick_the_enlightened;the Enlightened;;;;;;;;;;;;;x
nick_the_wife_thief;Wife-Thief;;;;;;;;;;;;;x
nick_the_cold;the Cold;;;;;;;;;;;;;x
nick_the_heartless;the Heartless;;;;;;;;;;;;;x
nick_the_gullible;the Gullible;;;;;;;;;;;;;x
nick_the_spineless;the Spineless;;;;;;;;;;;;;x
nick_the_green_thumb;the Gardener;;;;;;;;;;;;;x
nick_the_airheaded;the Foolish;;;;;;;;;;;;;x
nick_the_defiler;the Defiler;;;;;;;;;;;;;x
nick_dragonsbane;Dragonsbane;;;;;;;;;;;;;x
nick_the_fearless;the Fearless;;;;;;;;;;;;;x
nick_the_truthspeaker;Truthspeaker;;;;;;;;;;;;;x
nick_the_all_consuming;the Obese;;;;;;;;;;;;;x
nick_new_midas;the Builder;;;;;;;;;;;;;x
nick_diamondheart;Diamondheart;;;;;;;;;;;;;x
nick_steadybreath;Steadybreath;;;;;;;;;;;;;x
nick_brimstone;Brimstone;;;;;;;;;;;;;x
nick_the_puppetmaster;the Puppetmaster;;;;;;;;;;;;;x
nick_little_finger;Littlefinger;;;;;;;;;;;;;x
nick_devilboy;Devilboy;;;;;;;;;;;;;x
nick_the_brute;the Brute;;;;;;;;;;;;;x
nick_the_sea_taker;the Ravager;;;;;;;;;;;;;x
nick_the_tower;the Tower;;;;;;;;;;;;;x
nick_the_serpent;the Serpent;;;;;;;;;;;;;x
nick_the_daft;the Silly;;;;;;;;;;;;;x
nick_the_pure_lady;the Pure;;;;;;;;;;;;;x
nick_the_alchemist;the Alchemist;;;;;;;;;;;;;x
nick_the_sorceror;the Sorcerer;;;;;;;;;;;;;x
nick_the_witch;the Witch;;;;;;;;;;;;;x
nick_the_pathfinder;Pathfinder;;;;;;;;;;;;;x
nick_the_loud;the Loud;;;;;;;;;;;;;x
nick_the_mute;the Mute;;;;;;;;;;;;;x
nick_the_broken;the Broken;;;;;;;;;;;;;x
nick_the_bleak;the Bleak;;;;;;;;;;;;;x
nick_soft_sword;Soft-Sword;;;;;;;;;;;;;x
nick_son_of_the_serpent;Son of the Serpent;;;;;;;;;;;;;x
nick_the_condemner;the Condemner;;;;;;;;;;;;;x
nick_the_judge_of_men;the Judge;;;;;;;;;;;;;x
nick_bloodclaw;Bloodclaw;;;;;;;;;;;;;x
nick_stormfang;Stormfang;;;;;;;;;;;;;x
nick_the_fearful;the Fearful;;;;;;;;;;;;;x
nick_the_horrible;the Horrible;;;;;;;;;;;;;x
nick_the_fearsome;the Fearsome;;;;;;;;;;;;;x
nick_the_hand_of_god;the Hand of God;;;;;;;;;;;;;x
nick_the_depraved;the Depraved;;;;;;;;;;;;;x
nick_the_calm;the Calm;;;;;;;;;;;;;x
nick_the_feral;the Feral;;;;;;;;;;;;;x
nick_the_forgotten;the Forgotten;;;;;;;;;;;;;x
nick_iron_blood;Ironblood;;;;;;;;;;;;;x
nick_son_of_the_dragon;Son of the Dragon;;;;;;;;;;;;;x
nick_the_dreadwolf;the Dreadwolf;;;;;;;;;;;;;x
nick_the_beast_of_the_earth;the Beast of Westeros;;;;;;;;;;;;;x
nick_the_queen_of_thorns;the Queen of Thorns;;;;;;;;;;;;;x
nick_the_king_of_thorns;the King of Thorns;;;;;;;;;;;;;x
nick_the_hellspawn;Hellspawn;;;;;;;;;;;;;x
nick_the_despicable;the Despicable;;;;;;;;;;;;;x
nick_the_withered;the Withered;;;;;;;;;;;;;x
nick_the_bookworm;the Bookworm;;;;;;;;;;;;;x
nick_the_navigator;the Navigator;;;;;;;;;;;;;x
nick_the_repentant;the Repentant;;;;;;;;;;;;;x
nick_the_mockingbird;the Mockingbird;;;;;;;;;;;;;x
nick_the_miser;the Miser;;;;;;;;;;;;;x
nick_the_bean_counter;Bean Counter;;;;;;;;;;;;;x
nick_the_blind_butcher;the Blind Butcher;;;;;;;;;;;;;x
nick_the_philospher;the Philosopher;;;;;;;;;;;;;x
nick_the_lewd_lunatic;the Lewd Lunatic;;;;;;;;;;;;;x
nick_the_iron;the Iron;;;;;;;;;;;;;x
nick_harefoot;Harefoot;;;;;;;;;;;;;x
nick_the_fighter;the Fighter;;;;;;;;;;;;;x
nick_do_nothing;the Snail;;;;;;;;;;;;;x
nick_the_desirable;the Desirable;;;;;;;;;;;;;x
nick_the_slobberer;the Slobberer;;;;;;;;;;;;;x
nick_spindleshanks;Spindleshanks;;;;;;;;;;;;;x
nick_scatter_brain;Scatterbrain;;;;;;;;;;;;;x
nick_skull_splitter;Skull-Splitter;;;;;;;;;;;;;x
nick_twist_foot;Twistfoot;;;;;;;;;;;;;x
nick_the_braggart;the Braggart;;;;;;;;;;;;;x
nick_the_godless;the Godless;;;;;;;;;;;;;x
nick_the_wordsmith;the Wordsmith;;;;;;;;;;;;;x
nick_leatherneck;Leatherneck;;;;;;;;;;;;;x
nick_one_eye;One-Eye;;;;;;;;;;;;;x
nick_all_mens_sister;Maid-Snatcher;;;;;;;;;;;;;x
nick_the_virile;the Virile;;;;;;;;;;;;;x
nick_the_cripple;the Cripple;;;;;;;;;;;;;x
nick_the_sadist;the Sadist;;;;;;;;;;;;;x
nick_the_queer;the Queer;;;;;;;;;;;;;x
nick_the_one_hand;One-Hand;;;;;;;;;;;;;x
nick_the_lightningminded;the Lightningminded;;;;;;;;;;;;;x
nick_the_narrow;the Narrow;;;;;;;;;;;;;x
nick_the_openhanded;the Openhanded;;;;;;;;;;;;;x
nick_the_giving;the Giving;;;;;;;;;;;;;x
nick_the_nice;the Nice;;;;;;;;;;;;;x
nick_the_kneeler;the Kneeler;;;;;;;;;;;;;x
nick_the_bowing;the Bowing;;;;;;;;;;;;;x
nick_the_sow;the Sow;;;;;;;;;;;;;x
nick_the_money_pincher;Money Pincher;;;;;;;;;;;;;x
nick_wife_beater;Wife-Beater;;;;;;;;;;;;;x
nick_the_untrusted;the Untrusted;;;;;;;;;;;;;x
nick_the_dragonknight;the Dragonknight;;;;;;;;;;;;;x
nick_the_bear;the Bear;;;;;;;;;;;;;x
nick_the_greywolf;the Greywolf;;;;;;;;;;;;;x
nick_the_scourge_of_god;the Scourge of God;;;;;;;;;;;;;x
nick_the_shadowroamer;the Shadowroamer;;;;;;;;;;;;;x
nick_star_seeker;Starseeker;;;;;;;;;;;;;x
nick_the_destiny_grasper;the Ambitious;;;;;;;;;;;;;x
nick_the_heathen_slayer;the Slayer;;;;;;;;;;;;;x
nick_the_arbiter;the Arbiter;;;;;;;;;;;;;x
nick_the_zealot;the Zealot;;;;;;;;;;;;;x
nick_the_shadow_searcher;Shadow Searcher;;;;;;;;;;;;;x
nick_the_unsleeping;the Unsleeping;;;;;;;;;;;;;x
nick_the_heretic;the Heretic;;;;;;;;;;;;;x
nick_the_unseeing;the Unseeing;;;;;;;;;;;;;x
nick_the_troubadour;the Troubadour;;;;;;;;;;;;;x
nick_the_minstrel;the Minstrel;;;;;;;;;;;;;x
nick_the_simple;the Simple;;;;;;;;;;;;;x
nick_the_noble;the Noble;;;;;;;;;;;;;x
nick_the_silent;the Silent;;;;;;;;;;;;;x
nick_the_handsome;the Handsome;;;;;;;;;;;;;x
nick_the_forgetful;the Forgetful;;;;;;;;;;;;;x
nick_the_lord_of_terror;Lord of Terror;;;;;;;;;;;;;x
nick_the_malevolent;the Malevolent;;;;;;;;;;;;;x
nick_the_clerk;the Clerk;;;;;;;;;;;;;x
nick_the_brash;the Brash;;;;;;;;;;;;;x
nick_the_ceremonious;the Ceremonious;;;;;;;;;;;;;x
nick_the_damned;the Damned;;;;;;;;;;;;;x
nick_the_deed_doer;the Diligent;;;;;;;;;;;;;x
nick_the_fair_sun;the Fair Sun;;;;;;;;;;;;;x
nick_the_liberal;the Tolerant;;;;;;;;;;;;;x
nick_the_god_loving;the Faithful;;;;;;;;;;;;;x
nick_the_good_mother;Good-Mother;;;;;;;;;;;;;x
nick_the_hardy;the Hardy;;;;;;;;;;;;;x
nick_the_black_prince;the Black Prince;;;;;;;;;;;;;x
nick_the_holy_prince;the Holy Prince;;;;;;;;;;;;;x
nick_lawmender;Lawmender;;;;;;;;;;;;;x
nick_the_lover_of_elegance;the Elegant;;;;;;;;;;;;;x
nick_the_maiden;the Maiden;;;;;;;;;;;;;x
nick_the_memorable;the Memorable;;;;;;;;;;;;;x
nick_minus_a_quarter;the Eunuch;;;;;;;;;;;;;x
nick_the_most_beautiful;the Gorgeous;;;;;;;;;;;;;x
nick_the_old_hickory;Old-Hickory;;;;;;;;;;;;;x
nick_the_pale;the Pale;;;;;;;;;;;;;x
nick_the_peacemaker;Peacemaker;;;;;;;;;;;;;x
nick_the_virgin;the Virgin;;;;;;;;;;;;;x
nick_the_wench;the Wench;;;;;;;;;;;;;x
nick_the_white;the White;;;;;;;;;;;;;x
nick_the_fox;the Fox;;;;;;;;;;;;;x
nick_the_hound;the Hound;;;;;;;;;;;;;x
nick_the_iron_pope;the Iron Septon;;;;;;;;;;;;;x
nick_the_lion_of_justice;the Lion of Justice;;;;;;;;;;;;;x
nick_hammer_of_the_north;the Hammer of the North;;;;;;;;;;;;;x
nick_hammer_of_the_scots;the Hammer of the Free Folk;;;;;;;;;;;;;x
nick_the_winter_king;the Winter King;;;;;;;;;;;;;x
nick_the_king_of_the_white_night;the King of the Long Night;;;;;;;;;;;;;x
nick_the_wisest_fool_in_christendom;the Wisest Fool in Westeros;;;;;;;;;;;;;x
nick_the_angel_of_death;the Angel of Death;;;;;;;;;;;;;x
nick_the_tiger;the Tiger;;;;;;;;;;;;;x
nick_the_ox;the Ox;;;;;;;;;;;;;x
nick_the_lioness;the Lioness;;;;;;;;;;;;;x
nick_the_bulwark;the Bulwark;;;;;;;;;;;;;x
nick_the_silver_blood;Silverblood;;;;;;;;;;;;;x
nick_the_unyielding;the Unyielding;;;;;;;;;;;;;x
nick_foe_hammer;Foe-Hammer;;;;;;;;;;;;;x
nick_the_sailmaker;the Sailmaker;;;;;;;;;;;;;x
nick_the_meek;the Meek;;;;;;;;;;;;;x
nick_greybeard;Greybeard;;;;;;;;;;;;;x
nick_the_painter;the Painter;;;;;;;;;;;;;x
nick_the_shipwright;the Shipwright;;;;;;;;;;;;;x
nick_the_burner;the Burner;;;;;;;;;;;;;x
nick_snowbeard;Snowbeard;;;;;;;;;;;;;x
nick_the_moon_king;the Moon King;;;;;;;;;;;;;x
nick_the_king_who_knelt;the King Who Knelt;;;;;;;;;;;;;x
nick_the_spring_king;the Spring King;;;;;;;;;;;;;x
nick_the_thatcher;the Thatcher;;;;;;;;;;;;;x
nick_the_queen;the Queen;;;;;;;;;;;;;x
nick_the_boarkiller;the Boarkiller;;;;;;;;;;;;;x
nick_of_the_bloody_blade;of the Bloody Blade;;;;;;;;;;;;;x